"Experiment","Subject","CRT_acc"
"Experiment 1",101,2
"Experiment 1",102,2
"Experiment 1",103,3
"Experiment 1",104,3
"Experiment 1",105,1
"Experiment 1",106,5
"Experiment 1",107,0
"Experiment 1",108,4
"Experiment 1",109,3
"Experiment 1",110,2
"Experiment 1",111,4
"Experiment 1",112,3
"Experiment 1",113,2
"Experiment 1",114,1
"Experiment 1",115,2
"Experiment 1",116,3
"Experiment 1",117,2
"Experiment 1",118,4
"Experiment 1",119,5
"Experiment 1",120,6
"Experiment 1",121,3
"Experiment 1",122,1
"Experiment 1",123,2
"Experiment 1",124,3
"Experiment 1",125,2
"Experiment 1",126,1
"Experiment 1",127,5
"Experiment 1",128,6
"Experiment 1",129,4
"Experiment 1",130,1
"Experiment 1",131,2
"Experiment 1",132,6
"Experiment 1",133,0
"Experiment 1",134,2
"Experiment 1",135,5
"Experiment 1",136,4
"Experiment 1",137,2
"Experiment 1",138,3
"Experiment 1",139,0
"Experiment 1",140,1
"Experiment 1",141,2
"Experiment 1",142,5
"Experiment 1",143,2
"Experiment 1",144,3
"Experiment 1",145,3
"Experiment 1",146,3
"Experiment 1",147,3
"Experiment 1",148,6
"Experiment 1",149,0
"Experiment 1",150,0
"Experiment 1",151,2
"Experiment 1",152,1
"Experiment 1",153,2
"Experiment 1",154,3
"Experiment 1",155,1
"Experiment 1",156,1
"Experiment 1",157,3
"Experiment 1",158,0
"Experiment 1",159,6
"Experiment 1",160,1
"Experiment 1",161,1
"Experiment 1",162,6
"Experiment 1",163,2
"Experiment 1",164,2
"Experiment 1",165,4
"Experiment 1",166,2
"Experiment 1",167,0
"Experiment 1",168,1
"Experiment 1",169,6
"Experiment 1",170,0
"Experiment 1",171,1
"Experiment 1",172,3
"Experiment 1",173,4
"Experiment 1",174,0
"Experiment 1",175,4
"Experiment 1",176,1
"Experiment 1",177,3
"Experiment 1",178,0
"Experiment 1",179,3
"Experiment 1",180,4
"Experiment 1",181,2
"Experiment 1",182,2
"Experiment 1",183,2
"Experiment 1",184,7
"Experiment 1",185,2
"Experiment 1",186,1
"Experiment 1",187,3
"Experiment 1",188,1
"Experiment 1",189,0
"Experiment 1",190,1
"Experiment 1",191,1
"Experiment 1",192,2
"Experiment 1",193,2
"Experiment 1",194,2
"Experiment 1",195,3
"Experiment 1",196,4
